,Div,Date,HomeScore,AwayScore,Result,Avg Temp (in F)
0,E0,2019-08-09,4,1,H,69
1,E0,2019-08-10,0,5,A,68
2,E0,2019-08-10,0,3,A,64
3,E0,2019-08-10,3,1,H,68
4,E0,2019-08-10,0,0,D,68
5,E0,2019-08-10,3,0,H,59
6,E0,2019-08-10,1,1,D,64
7,E0,2019-08-11,0,1,A,60
8,E0,2019-08-11,4,0,H,61
9,E0,2019-08-11,0,0,D,63
10,E0,2019-08-17,2,2,D,63
11,E0,2019-08-17,1,2,A,63
12,E0,2019-08-17,1,1,D,64
13,E0,2019-08-17,1,2,A,64
14,E0,2019-08-17,3,1,H,66
15,E0,2019-08-17,2,1,H,67
16,E0,2019-08-17,1,0,H,62
17,E0,2019-08-18,1,0,H,60
18,E0,2019-08-18,1,1,D,66
19,E0,2019-08-19,1,1,D,60
20,E0,2019-08-23,2,0,H,70
21,E0,2019-08-24,0,2,A,70
22,E0,2019-08-24,3,1,H,69
23,E0,2019-08-24,1,3,A,74
24,E0,2019-08-24,1,2,A,72
25,E0,2019-08-24,2,3,A,72
26,E0,2019-08-24,1,2,A,73
27,E0,2019-08-25,1,3,A,71
28,E0,2019-08-25,0,1,A,82
29,E0,2019-08-25,1,1,D,76
30,E0,2019-08-31,1,1,D,63
31,E0,2019-08-31,4,0,H,63
32,E0,2019-08-31,2,2,D,69
33,E0,2019-08-31,2,0,H,69
34,E0,2019-08-31,1,0,H,69
35,E0,2019-08-31,3,1,H,62
36,E0,2019-08-31,1,1,D,63
37,E0,2019-08-31,0,3,A,58
38,E0,2019-09-01,2,2,D,64
39,E0,2019-09-01,3,2,H,57
40,E0,2019-09-14,4,0,H,73
41,E0,2019-09-14,2,5,A,60
42,E0,2019-09-14,3,2,H,62
43,E0,2019-09-14,1,0,H,61
44,E0,2019-09-14,1,1,D,65
45,E0,2019-09-14,0,1,A,60
46,E0,2019-09-14,3,1,H,61
47,E0,2019-09-15,2,2,D,66
48,E0,2019-09-15,3,1,H,65
49,E0,2019-09-16,0,0,D,60
50,E0,2019-09-20,1,3,A,61
51,E0,2019-09-21,0,0,D,61
52,E0,2019-09-21,0,2,A,63
53,E0,2019-09-21,8,0,H,65
54,E0,2019-09-21,2,0,H,58
55,E0,2019-09-21,2,1,H,63
56,E0,2019-09-22,2,0,H,66
57,E0,2019-09-22,3,2,H,66
58,E0,2019-09-22,1,1,D,66
59,E0,2019-09-22,1,2,A,66
60,E0,2019-09-28,0,1,A,58
61,E0,2019-09-28,2,2,D,59
62,E0,2019-09-28,2,0,H,57
63,E0,2019-09-28,2,2,D,60
64,E0,2019-09-28,2,1,H,61
65,E0,2019-09-28,1,3,A,59
66,E0,2019-09-28,2,0,H,61
67,E0,2019-09-28,2,0,H,61
68,E0,2019-09-29,5,0,H,59
69,E0,2019-09-30,1,1,D,57
70,E0,2019-10-05,1,5,A,55
71,E0,2019-10-05,2,1,H,54
72,E0,2019-10-05,1,0,H,52
73,E0,2019-10-05,0,0,D,54
74,E0,2019-10-05,1,2,A,58
75,E0,2019-10-05,3,0,H,57
76,E0,2019-10-06,1,0,H,59
77,E0,2019-10-06,1,0,H,50
78,E0,2019-10-06,1,4,A,57
79,E0,2019-10-06,0,2,A,56
80,E0,2019-10-19,1,1,D,56
81,E0,2019-10-19,0,0,D,53
82,E0,2019-10-19,1,0,H,56
83,E0,2019-10-19,0,2,A,56
84,E0,2019-10-19,2,1,H,50
85,E0,2019-10-19,2,1,H,50
86,E0,2019-10-19,1,1,D,49
87,E0,2019-10-19,2,0,H,51
88,E0,2019-10-20,1,1,D,47
89,E0,2019-10-21,1,0,H,50
90,E0,2019-10-25,0,9,A,57
91,E0,2019-10-26,3,2,H,61
92,E0,2019-10-26,0,0,D,57
93,E0,2019-10-26,1,1,D,59
94,E0,2019-10-26,3,0,H,44
95,E0,2019-10-26,2,4,A,40
96,E0,2019-10-27,2,2,D,49
97,E0,2019-10-27,1,3,A,47
98,E0,2019-10-27,2,1,H,48
99,E0,2019-10-27,1,1,D,47
100,E0,2019-11-02,2,1,H,48
101,E0,2019-11-02,1,0,H,53
102,E0,2019-11-02,3,0,H,48
103,E0,2019-11-02,1,2,A,51
104,E0,2019-11-02,1,1,D,54
105,E0,2019-11-02,2,0,H,55
106,E0,2019-11-02,2,3,A,54
107,E0,2019-11-02,1,2,A,48
108,E0,2019-11-03,0,2,A,53
109,E0,2019-11-03,1,1,D,49
110,E0,2019-11-03,1,1,D,49
111,E0,2019-11-08,0,2,A,43
112,E0,2019-11-09,2,1,H,42
113,E0,2019-11-09,3,0,H,36
114,E0,2019-11-09,1,1,D,45
115,E0,2019-11-09,2,0,H,45
116,E0,2019-11-09,1,2,A,42
117,E0,2019-11-09,2,0,H,39
118,E0,2019-11-10,2,1,H,40
119,E0,2019-11-10,3,1,H,42
120,E0,2019-11-10,3,1,H,42
121,E0,2019-11-23,0,3,A,48
122,E0,2019-11-23,1,2,A,52
123,E0,2019-11-23,2,1,H,48
124,E0,2019-11-23,0,2,A,46
125,E0,2019-11-23,1,2,A,50
126,E0,2019-11-23,2,3,A,50
127,E0,2019-11-23,2,2,D,50
128,E0,2019-11-23,0,2,A,52
129,E0,2019-11-24,3,3,D,46
130,E0,2019-11-25,2,0,H,50
131,E0,2019-11-30,3,2,H,44
132,E0,2019-11-30,2,1,H,38
133,E0,2019-11-30,2,1,H,44
134,E0,2019-11-30,0,1,A,44
135,E0,2019-11-30,0,2,A,35
136,E0,2019-11-30,2,2,D,39
137,E0,2019-12-01,2,2,D,43
138,E0,2019-12-01,2,1,H,36
139,E0,2019-12-01,2,2,D,39
140,E0,2019-12-01,1,1,D,37
141,E0,2019-12-03,1,4,A,38
142,E0,2019-12-03,1,0,H,43
143,E0,2019-12-04,2,0,H,39
144,E0,2019-12-04,2,0,H,38
145,E0,2019-12-04,2,1,H,39
146,E0,2019-12-04,5,2,H,42
147,E0,2019-12-04,2,1,H,44
148,E0,2019-12-04,2,1,H,47
149,E0,2019-12-05,0,2,A,43
150,E0,2019-12-05,1,2,A,42
151,E0,2019-12-07,1,2,A,47
152,E0,2019-12-07,0,3,A,47
153,E0,2019-12-07,3,1,H,48
154,E0,2019-12-07,5,0,H,47
155,E0,2019-12-07,0,0,D,44
156,E0,2019-12-08,1,4,A,45
157,E0,2019-12-08,2,1,H,45
158,E0,2019-12-08,2,2,D,50
159,E0,2019-12-08,1,2,A,48
160,E0,2019-12-09,1,3,A,45
161,E0,2019-12-14,0,1,A,43
162,E0,2019-12-14,1,1,D,38
163,E0,2019-12-14,2,0,H,38
164,E0,2019-12-14,1,0,H,37
165,E0,2019-12-14,0,1,A,42
166,E0,2019-12-14,2,0,H,40
167,E0,2019-12-15,0,3,A,45
168,E0,2019-12-15,1,1,D,38
169,E0,2019-12-15,1,2,A,38
170,E0,2019-12-16,1,1,D,47
171,E0,2019-12-21,0,1,A,48
172,E0,2019-12-21,0,0,D,43
173,E0,2019-12-21,1,3,A,44
174,E0,2019-12-21,0,1,A,49
175,E0,2019-12-21,3,1,H,44
176,E0,2019-12-21,1,0,H,42
177,E0,2019-12-21,1,2,A,46
178,E0,2019-12-22,2,0,H,45
179,E0,2019-12-22,0,2,A,47
180,E0,2019-12-26,0,2,A,46
181,E0,2019-12-26,2,1,H,46
182,E0,2019-12-26,0,4,A,43
183,E0,2019-12-26,1,0,H,44
184,E0,2019-12-26,1,1,D,50
185,E0,2019-12-26,1,0,H,45
186,E0,2019-12-26,1,1,D,39
187,E0,2019-12-26,4,1,H,43
188,E0,2019-12-26,2,1,H,46
189,E0,2019-12-27,3,2,H,41
190,E0,2019-12-28,3,0,H,44
191,E0,2019-12-28,2,2,D,43
192,E0,2019-12-28,1,1,D,48
193,E0,2019-12-28,2,0,H,48
194,E0,2019-12-28,1,2,A,46
195,E0,2019-12-28,1,2,A,46
196,E0,2019-12-28,0,2,A,43
197,E0,2019-12-29,1,0,H,47
198,E0,2019-12-29,1,2,A,46
199,E0,2019-12-29,2,0,H,46
200,E0,2020-01-01,1,1,D,46
201,E0,2020-01-01,2,1,H,40
202,E0,2020-01-01,1,2,A,38
203,E0,2020-01-01,2,0,H,43
204,E0,2020-01-01,2,1,H,41
205,E0,2020-01-01,0,3,A,41
206,E0,2020-01-01,1,1,D,40
207,E0,2020-01-01,4,0,H,43
208,E0,2020-01-01,1,0,H,44
209,E0,2020-01-02,2,0,H,45
210,E0,2020-01-10,1,0,H,40
211,E0,2020-01-11,3,0,H,49
212,E0,2020-01-11,1,1,D,48
213,E0,2020-01-11,1,2,A,47
214,E0,2020-01-11,4,0,H,51
215,E0,2020-01-11,1,0,H,51
216,E0,2020-01-11,0,1,A,49
217,E0,2020-01-11,1,1,D,49
218,E0,2020-01-12,1,6,A,46
219,E0,2020-01-12,0,3,A,49
220,E0,2020-01-18,2,2,D,41
221,E0,2020-01-18,1,0,H,40
222,E0,2020-01-18,2,3,A,41
223,E0,2020-01-18,0,0,D,39
224,E0,2020-01-18,1,1,D,43
225,E0,2020-01-18,1,1,D,44
226,E0,2020-01-18,1,1,D,44
227,E0,2020-01-18,1,0,H,39
228,E0,2020-01-19,2,1,H,36
229,E0,2020-01-19,2,0,H,41
230,E0,2020-01-21,2,2,D,44
231,E0,2020-01-21,0,1,A,42
232,E0,2020-01-21,2,2,D,44
233,E0,2020-01-21,2,1,H,41
234,E0,2020-01-21,0,2,A,44
235,E0,2020-01-21,3,1,H,39
236,E0,2020-01-22,4,1,H,44
237,E0,2020-01-22,2,1,H,42
238,E0,2020-01-22,0,2,A,45
239,E0,2020-01-23,1,2,A,45
240,E0,2020-01-29,0,2,A,43
241,E0,2020-02-01,2,2,D,47
242,E0,2020-02-01,0,0,D,47
243,E0,2020-02-01,0,1,A,50
244,E0,2020-02-01,4,0,H,46
245,E0,2020-02-01,2,1,H,49
246,E0,2020-02-01,0,0,D,45
247,E0,2020-02-01,2,3,A,47
248,E0,2020-02-01,3,3,D,50
249,E0,2020-02-02,0,0,D,44
250,E0,2020-02-02,2,0,H,52
251,E0,2020-02-08,1,1,D,47
252,E0,2020-02-08,3,1,H,45
253,E0,2020-02-09,2,1,H,52
254,E0,2020-02-14,0,0,D,44
255,E0,2020-02-15,1,2,A,52
256,E0,2020-02-15,0,1,A,52
257,E0,2020-02-16,4,0,H,52
258,E0,2020-02-16,2,3,A,46
259,E0,2020-02-17,0,2,A,47
260,E0,2020-02-19,2,0,H,41
261,E0,2020-02-22,0,1,A,48
262,E0,2020-02-22,1,0,H,53
263,E0,2020-02-22,3,0,H,41
264,E0,2020-02-22,2,0,H,51
265,E0,2020-02-22,1,1,D,44
266,E0,2020-02-22,2,1,H,53
267,E0,2020-02-23,3,0,H,43
268,E0,2020-02-23,3,0,H,47
269,E0,2020-02-23,3,2,H,54
270,E0,2020-02-24,3,2,H,48
271,E0,2020-02-28,1,0,H,39
272,E0,2020-02-29,2,2,D,44
273,E0,2020-02-29,0,0,D,43
274,E0,2020-02-29,0,1,A,45
275,E0,2020-02-29,3,0,H,42
276,E0,2020-02-29,3,1,H,45
277,E0,2020-03-01,1,1,D,41
278,E0,2020-03-01,2,3,A,45
279,E0,2020-03-07,0,1,A,47
280,E0,2020-03-07,2,1,H,49
281,E0,2020-03-07,1,1,D,44
282,E0,2020-03-07,0,0,D,47
283,E0,2020-03-07,1,0,H,47
284,E0,2020-03-07,1,0,H,47
285,E0,2020-03-07,1,0,H,47
286,E0,2020-03-08,4,0,H,51
287,E0,2020-03-08,2,0,H,48
288,E0,2020-03-09,4,0,H,45
289,E0,2020-06-17,3,0,H,68
290,E0,2020-06-17,0,0,D,66
291,E0,2020-06-19,0,3,A,61
292,E0,2020-06-19,1,1,D,60
293,E0,2020-06-20,0,2,A,67
294,E0,2020-06-20,0,2,A,62
295,E0,2020-06-20,1,1,D,63
296,E0,2020-06-20,2,1,H,59
297,E0,2020-06-21,0,0,D,61
298,E0,2020-06-21,1,2,A,62
299,E0,2020-06-21,3,0,H,61
300,E0,2020-06-22,5,0,H,60
301,E0,2020-06-23,0,0,D,68
302,E0,2020-06-23,2,0,H,75
303,E0,2020-06-24,4,0,H,76
304,E0,2020-06-24,0,1,A,72
305,E0,2020-06-24,1,0,H,75
306,E0,2020-06-24,1,1,D,74
307,E0,2020-06-24,3,0,H,77
308,E0,2020-06-25,1,0,H,70
309,E0,2020-06-25,2,1,H,82
310,E0,2020-06-25,0,2,A,74
311,E0,2020-06-27,0,1,A,63
312,E0,2020-06-28,1,3,A,59
313,E0,2020-06-29,0,1,A,60
314,E0,2020-06-30,0,3,A,59
315,E0,2020-07-01,2,1,H,61
316,E0,2020-07-01,1,4,A,63
317,E0,2020-07-01,4,0,H,64
318,E0,2020-07-01,3,2,H,64
319,E0,2020-07-02,3,1,H,57
320,E0,2020-07-02,4,0,H,60
321,E0,2020-07-04,0,2,A,66
322,E0,2020-07-04,3,0,H,66
323,E0,2020-07-04,0,1,A,67
324,E0,2020-07-04,5,2,H,63
325,E0,2020-07-04,3,0,H,66
326,E0,2020-07-05,2,0,H,59
327,E0,2020-07-05,2,2,D,59
328,E0,2020-07-05,1,0,H,63
329,E0,2020-07-05,1,1,D,54
330,E0,2020-07-06,1,0,H,63
331,E0,2020-07-07,2,3,A,64
332,E0,2020-07-07,2,1,H,58
333,E0,2020-07-07,1,1,D,64
334,E0,2020-07-08,0,1,A,61
335,E0,2020-07-08,5,0,H,59
336,E0,2020-07-08,1,3,A,60
337,E0,2020-07-08,1,0,H,57
338,E0,2020-07-09,0,3,A,57
339,E0,2020-07-09,1,1,D,55
340,E0,2020-07-09,0,0,D,64
341,E0,2020-07-11,1,1,D,58
342,E0,2020-07-11,0,4,A,59
343,E0,2020-07-11,0,5,A,60
344,E0,2020-07-11,2,1,H,60
345,E0,2020-07-11,3,0,H,59
346,E0,2020-07-12,2,0,H,64
347,E0,2020-07-12,3,0,H,61
348,E0,2020-07-12,4,1,H,63
349,E0,2020-07-12,2,1,H,73
350,E0,2020-07-13,2,2,D,62
0,D1,2019-08-16,2,2,D,66
1,D1,2019-08-17,5,1,H,67
2,D1,2019-08-17,3,0,H,68
3,D1,2019-08-17,3,2,H,68
4,D1,2019-08-17,1,3,A,66
5,D1,2019-08-17,2,1,H,68
6,D1,2019-08-17,0,0,D,66
7,D1,2019-08-18,1,0,H,75
8,D1,2019-08-18,0,4,A,70
9,D1,2019-08-23,1,3,A,82
10,D1,2019-08-24,1,1,D,69
11,D1,2019-08-24,1,3,A,84
12,D1,2019-08-24,3,2,H,77
13,D1,2019-08-24,1,3,A,80
14,D1,2019-08-24,1,3,A,75
15,D1,2019-08-24,0,3,A,83
16,D1,2019-08-25,2,1,H,82
17,D1,2019-08-25,0,3,A,80
18,D1,2019-08-30,1,3,A,71
19,D1,2019-08-31,6,1,H,75
20,D1,2019-08-31,1,2,A,77
21,D1,2019-08-31,0,0,D,80
22,D1,2019-08-31,3,0,H,81
23,D1,2019-08-31,1,1,D,81
24,D1,2019-08-31,3,1,H,84
25,D1,2019-09-01,3,2,H,65
26,D1,2019-09-01,2,1,H,72
27,D1,2019-09-13,1,1,D,68
28,D1,2019-09-14,2,1,H,67
29,D1,2019-09-14,4,0,H,67
30,D1,2019-09-14,0,1,A,73
31,D1,2019-09-14,2,1,H,70
32,D1,2019-09-14,1,2,A,64
33,D1,2019-09-14,1,1,D,62
34,D1,2019-09-15,0,3,A,76
35,D1,2019-09-15,1,5,A,64
36,D1,2019-09-20,2,1,H,63
37,D1,2019-09-21,4,0,H,56
38,D1,2019-09-21,1,1,D,65
39,D1,2019-09-21,2,1,H,66
40,D1,2019-09-21,2,0,H,65
41,D1,2019-09-21,0,3,A,62
42,D1,2019-09-22,2,1,H,69
43,D1,2019-09-22,2,2,D,66
44,D1,2019-09-23,1,1,D,62
45,D1,2019-09-27,1,2,A,61
46,D1,2019-09-28,0,3,A,58
47,D1,2019-09-28,0,3,A,61
48,D1,2019-09-28,0,1,A,60
49,D1,2019-09-28,2,3,A,58
50,D1,2019-09-28,1,3,A,61
51,D1,2019-09-28,2,2,D,59
52,D1,2019-09-29,1,2,A,62
53,D1,2019-09-29,0,4,A,62
54,D1,2019-10-04,3,1,H,51
55,D1,2019-10-05,1,2,A,52
56,D1,2019-10-05,2,2,D,54
57,D1,2019-10-05,1,1,D,55
58,D1,2019-10-05,1,2,A,50
59,D1,2019-10-05,1,1,D,54
60,D1,2019-10-06,5,1,H,47
61,D1,2019-10-06,1,0,H,47
62,D1,2019-10-06,2,2,D,47
63,D1,2019-10-18,3,0,H,59
64,D1,2019-10-19,2,2,D,56
65,D1,2019-10-19,1,0,H,58
66,D1,2019-10-19,1,1,D,57
67,D1,2019-10-19,2,0,H,57
68,D1,2019-10-19,1,1,D,55
69,D1,2019-10-19,1,0,H,57
70,D1,2019-10-20,3,0,H,56
71,D1,2019-10-20,2,0,H,63
72,D1,2019-10-25,3,1,H,58
73,D1,2019-10-26,2,1,H,61
74,D1,2019-10-26,2,1,H,61
75,D1,2019-10-26,2,3,A,61
76,D1,2019-10-26,2,0,H,60
77,D1,2019-10-26,0,0,D,64
78,D1,2019-10-26,2,2,D,63
79,D1,2019-10-27,0,0,D,52
80,D1,2019-10-27,4,2,H,51
81,D1,2019-11-01,3,0,H,49
82,D1,2019-11-02,3,0,H,57
83,D1,2019-11-02,5,1,H,58
84,D1,2019-11-02,1,2,A,58
85,D1,2019-11-02,8,0,H,57
86,D1,2019-11-02,2,2,D,55
87,D1,2019-11-02,1,0,H,55
88,D1,2019-11-03,2,0,H,55
89,D1,2019-11-03,2,3,A,51
90,D1,2019-11-08,1,2,A,46
91,D1,2019-11-09,2,4,A,46
92,D1,2019-11-09,2,3,A,44
93,D1,2019-11-09,0,1,A,42
94,D1,2019-11-09,3,3,D,44
95,D1,2019-11-09,4,0,H,40
96,D1,2019-11-10,3,1,H,45
97,D1,2019-11-10,0,2,A,42
98,D1,2019-11-10,1,0,H,41
99,D1,2019-11-22,3,3,D,46
100,D1,2019-11-23,0,2,A,45
101,D1,2019-11-23,0,4,A,47
102,D1,2019-11-23,1,1,D,47
103,D1,2019-11-23,2,0,H,47
104,D1,2019-11-23,1,2,A,44
105,D1,2019-11-23,4,1,H,46
106,D1,2019-11-24,4,0,H,46
107,D1,2019-11-24,1,5,A,44
108,D1,2019-11-29,2,1,H,45
109,D1,2019-11-30,1,1,D,44
110,D1,2019-11-30,1,2,A,37
111,D1,2019-11-30,1,1,D,44
112,D1,2019-11-30,2,3,A,36
113,D1,2019-11-30,1,2,A,38
114,D1,2019-12-01,4,2,H,39
115,D1,2019-12-01,2,3,A,36
116,D1,2019-12-02,2,1,H,39
117,D1,2019-12-06,2,2,D,36
118,D1,2019-12-07,2,1,H,43
119,D1,2019-12-07,5,0,H,46
120,D1,2019-12-07,1,0,H,43
121,D1,2019-12-07,2,1,H,47
122,D1,2019-12-07,3,1,H,47
123,D1,2019-12-07,2,1,H,46
124,D1,2019-12-08,2,0,H,47
125,D1,2019-12-08,0,1,A,48
126,D1,2019-12-13,2,4,A,41
127,D1,2019-12-14,6,1,H,41
128,D1,2019-12-14,2,0,H,44
129,D1,2019-12-14,1,0,H,40
130,D1,2019-12-14,0,4,A,44
131,D1,2019-12-14,1,1,D,39
132,D1,2019-12-14,0,3,A,44
133,D1,2019-12-15,2,1,H,43
134,D1,2019-12-15,1,0,H,46
135,D1,2019-12-17,0,5,A,50
136,D1,2019-12-17,3,0,H,47
137,D1,2019-12-17,3,3,D,54
138,D1,2019-12-17,0,2,A,49
139,D1,2019-12-18,0,1,A,48
140,D1,2019-12-18,2,4,A,50
141,D1,2019-12-18,1,3,A,50
142,D1,2019-12-18,2,0,H,46
143,D1,2019-12-18,1,1,D,45
144,D1,2019-12-20,2,1,H,46
145,D1,2019-12-21,2,0,H,43
146,D1,2019-12-21,1,0,H,46
147,D1,2019-12-21,0,1,A,44
148,D1,2019-12-21,3,1,H,45
149,D1,2019-12-21,2,2,D,46
150,D1,2019-12-21,0,0,D,47
151,D1,2019-12-22,2,1,H,48
152,D1,2019-12-22,2,1,H,44
153,D1,2020-01-17,2,0,H,48
154,D1,2020-01-18,3,5,A,38
155,D1,2020-01-18,3,1,H,42
156,D1,2020-01-18,0,1,A,42
157,D1,2020-01-18,1,2,A,41
158,D1,2020-01-18,1,2,A,41
159,D1,2020-01-18,3,1,H,41
160,D1,2020-01-19,0,4,A,39
161,D1,2020-01-19,1,4,A,35
162,D1,2020-01-24,5,1,H,38
163,D1,2020-01-25,2,0,H,37
164,D1,2020-01-25,0,2,A,41
165,D1,2020-01-25,3,1,H,36
166,D1,2020-01-25,2,0,H,36
167,D1,2020-01-25,1,2,A,34
168,D1,2020-01-25,5,0,H,37
169,D1,2020-01-26,0,3,A,38
170,D1,2020-01-26,3,0,H,41
171,D1,2020-01-31,0,0,D,49
172,D1,2020-02-01,2,1,H,50
173,D1,2020-02-01,5,0,H,51
174,D1,2020-02-01,1,1,D,52
175,D1,2020-02-01,2,1,H,51
176,D1,2020-02-01,1,3,A,52
177,D1,2020-02-01,2,2,D,52
178,D1,2020-02-02,4,0,H,48
179,D1,2020-02-02,2,4,A,43
180,D1,2020-02-07,5,0,H,42
181,D1,2020-02-08,1,0,H,44
182,D1,2020-02-08,1,3,A,42
183,D1,2020-02-08,1,1,D,45
184,D1,2020-02-08,0,2,A,40
185,D1,2020-02-08,1,1,D,41
186,D1,2020-02-08,4,3,H,44
187,D1,2020-02-09,0,0,D,44
188,D1,2020-02-14,4,0,H,44
189,D1,2020-02-15,1,1,D,42
190,D1,2020-02-15,2,3,A,47
191,D1,2020-02-15,1,2,A,45
192,D1,2020-02-15,3,0,H,45
193,D1,2020-02-15,2,3,A,43
194,D1,2020-02-15,1,4,A,49
195,D1,2020-02-16,1,4,A,58
196,D1,2020-02-16,0,0,D,55
197,D1,2020-02-21,3,2,H,40
198,D1,2020-02-22,0,2,A,46
199,D1,2020-02-22,0,5,A,48
200,D1,2020-02-22,1,1,D,47
201,D1,2020-02-22,0,2,A,47
202,D1,2020-02-22,0,5,A,47
203,D1,2020-02-23,2,0,H,54
204,D1,2020-02-23,4,0,H,47
205,D1,2020-02-24,1,2,A,44
206,D1,2020-02-28,3,3,D,40
207,D1,2020-02-29,2,3,A,44
208,D1,2020-02-29,1,0,H,51
209,D1,2020-02-29,0,6,A,53
210,D1,2020-02-29,2,0,H,50
211,D1,2020-02-29,3,0,H,50
212,D1,2020-03-01,2,2,D,47
213,D1,2020-03-01,1,1,D,47
214,D1,2020-03-06,1,2,A,41
215,D1,2020-03-07,3,1,H,40
216,D1,2020-03-07,2,2,D,42
217,D1,2020-03-07,4,0,H,43
218,D1,2020-03-07,1,1,D,43
219,D1,2020-03-07,0,0,D,42
220,D1,2020-03-07,1,2,A,44
221,D1,2020-03-08,2,0,H,42
222,D1,2020-03-08,1,1,D,45
223,D1,2020-03-11,2,1,H,55
224,D1,2020-05-16,1,2,A,52
225,D1,2020-05-16,4,0,H,57
226,D1,2020-05-16,0,0,D,60
227,D1,2020-05-16,0,3,A,60
228,D1,2020-05-16,1,1,D,53
229,D1,2020-05-16,1,3,A,60
230,D1,2020-05-17,2,2,D,68
231,D1,2020-05-17,0,2,A,61
232,D1,2020-05-18,1,4,A,59
233,D1,2020-05-22,4,0,H,66
234,D1,2020-05-23,0,1,A,55
235,D1,2020-05-23,1,3,A,60
236,D1,2020-05-23,1,1,D,58
237,D1,2020-05-23,0,2,A,58
238,D1,2020-05-23,5,2,H,63
239,D1,2020-05-24,0,3,A,57
240,D1,2020-05-24,0,5,A,59
241,D1,2020-05-24,2,2,D,59
242,D1,2020-05-26,0,1,A,64
243,D1,2020-05-26,3,3,D,62
244,D1,2020-05-26,1,4,A,67
245,D1,2020-05-26,0,0,D,61
246,D1,2020-05-27,2,2,D,64
247,D1,2020-05-27,0,0,D,59
248,D1,2020-05-27,2,1,H,70
249,D1,2020-05-27,3,1,H,68
250,D1,2020-05-27,1,1,D,67
251,D1,2020-05-29,0,1,A,63
252,D1,2020-05-30,2,0,H,61
253,D1,2020-05-30,0,1,A,65
254,D1,2020-05-30,0,1,A,67
255,D1,2020-05-30,1,2,A,60
256,D1,2020-05-30,5,0,H,56
257,D1,2020-05-31,4,1,H,63
258,D1,2020-05-31,1,6,A,58
259,D1,2020-06-01,2,4,A,75
260,D1,2020-06-03,0,3,A,69
261,D1,2020-06-05,1,0,H,55
262,D1,2020-06-06,0,2,A,59
263,D1,2020-06-06,2,2,D,57
264,D1,2020-06-06,2,4,A,58
265,D1,2020-06-06,1,1,D,58
266,D1,2020-06-06,1,0,H,57
267,D1,2020-06-07,0,1,A,57
268,D1,2020-06-07,1,1,D,65
269,D1,2020-06-07,1,1,D,51
270,D1,2020-06-12,0,2,A,73
271,D1,2020-06-13,1,2,A,76
272,D1,2020-06-13,0,1,A,77
273,D1,2020-06-13,1,4,A,83
274,D1,2020-06-13,1,5,A,75
275,D1,2020-06-13,2,2,D,75
276,D1,2020-06-13,2,1,H,68
277,D1,2020-06-14,0,1,A,71
278,D1,2020-06-14,1,1,D,73
279,D1,2020-06-16,3,0,H,63
280,D1,2020-06-16,2,1,H,65
281,D1,2020-06-16,1,0,H,77
282,D1,2020-06-16,0,1,A,69
283,D1,2020-06-17,2,1,H,70
284,D1,2020-06-17,1,3,A,62
285,D1,2020-06-17,0,2,A,70
286,D1,2020-06-17,3,1,H,72
287,D1,2020-06-17,2,2,D,73
288,D1,2020-06-20,3,1,H,62
289,D1,2020-06-20,1,1,D,69
290,D1,2020-06-20,1,1,D,70
291,D1,2020-06-20,2,0,H,60
292,D1,2020-06-20,4,0,H,70
293,D1,2020-06-20,3,1,H,71
294,D1,2020-06-20,1,3,A,64
295,D1,2020-06-20,0,2,A,65
296,D1,2020-06-20,1,4,A,69
297,D1,2020-06-27,1,2,A,73
298,D1,2020-06-27,0,4,A,78
299,D1,2020-06-27,3,2,H,77
300,D1,2020-06-27,4,0,H,74
301,D1,2020-06-27,1,0,H,76
302,D1,2020-06-27,2,1,H,74
303,D1,2020-06-27,3,0,H,81
304,D1,2020-06-27,6,1,H,73
305,D1,2020-06-27,0,4,A,76
0,SP1,2019-08-16,1,0,H,73
1,SP1,2019-08-17,1,3,A,69
2,SP1,2019-08-17,1,1,D,84
3,SP1,2019-08-17,2,1,H,84
4,SP1,2019-08-17,0,1,A,90
5,SP1,2019-08-17,4,4,D,82
6,SP1,2019-08-18,1,0,H,72
7,SP1,2019-08-18,0,2,A,82
8,SP1,2019-08-18,1,2,A,89
9,SP1,2019-08-18,1,0,H,87
10,SP1,2019-08-23,0,1,A,79
11,SP1,2019-08-23,2,1,H,83
12,SP1,2019-08-24,0,0,D,81
13,SP1,2019-08-24,1,1,D,85
14,SP1,2019-08-24,1,0,H,66
15,SP1,2019-08-24,1,1,D,83
16,SP1,2019-08-25,0,0,D,75
17,SP1,2019-08-25,0,1,A,82
18,SP1,2019-08-25,0,1,A,83
19,SP1,2019-08-25,5,2,H,83
20,SP1,2019-08-30,1,1,D,89
21,SP1,2019-08-30,2,0,H,75
22,SP1,2019-08-31,2,2,D,81
23,SP1,2019-08-31,1,1,D,83
24,SP1,2019-08-31,2,0,H,86
25,SP1,2019-08-31,2,1,H,88
26,SP1,2019-09-01,2,0,H,85
27,SP1,2019-09-01,3,2,H,86
28,SP1,2019-09-01,0,3,A,81
29,SP1,2019-09-01,2,2,D,84
30,SP1,2019-09-13,0,0,D,77
31,SP1,2019-09-14,3,2,H,67
32,SP1,2019-09-14,0,3,A,67
33,SP1,2019-09-14,2,0,H,74
34,SP1,2019-09-14,5,2,H,77
35,SP1,2019-09-15,1,2,A,75
36,SP1,2019-09-15,0,1,A,72
37,SP1,2019-09-15,0,2,A,72
38,SP1,2019-09-15,1,1,D,70
39,SP1,2019-09-15,1,1,D,72
40,SP1,2019-09-20,0,0,D,72
41,SP1,2019-09-21,2,0,H,76
42,SP1,2019-09-21,0,0,D,76
43,SP1,2019-09-21,0,0,D,67
44,SP1,2019-09-21,2,0,H,71
45,SP1,2019-09-22,4,2,H,68
46,SP1,2019-09-22,1,3,A,77
47,SP1,2019-09-22,1,1,D,80
48,SP1,2019-09-22,2,0,H,67
49,SP1,2019-09-22,0,1,A,78
50,SP1,2019-09-24,1,1,D,65
51,SP1,2019-09-24,3,1,H,83
52,SP1,2019-09-24,2,1,H,77
53,SP1,2019-09-25,1,1,D,72
54,SP1,2019-09-25,0,2,A,77
55,SP1,2019-09-25,3,3,D,77
56,SP1,2019-09-25,2,0,H,72
57,SP1,2019-09-26,3,2,H,67
58,SP1,2019-09-26,1,1,D,62
59,SP1,2019-09-26,3,0,H,67
60,SP1,2019-09-27,5,1,H,78
61,SP1,2019-09-28,0,1,A,69
62,SP1,2019-09-28,0,2,A,76
63,SP1,2019-09-28,1,0,H,78
64,SP1,2019-09-28,0,0,D,78
65,SP1,2019-09-29,0,2,A,76
66,SP1,2019-09-29,2,0,H,74
67,SP1,2019-09-29,2,0,H,72
68,SP1,2019-09-29,1,1,D,81
69,SP1,2019-09-29,3,2,H,83
70,SP1,2019-10-04,1,1,D,78
71,SP1,2019-10-05,1,2,A,76
72,SP1,2019-10-05,4,2,H,76
73,SP1,2019-10-05,2,1,H,75
74,SP1,2019-10-05,2,1,H,62
75,SP1,2019-10-06,2,0,H,74
76,SP1,2019-10-06,1,0,H,65
77,SP1,2019-10-06,0,0,D,64
78,SP1,2019-10-06,1,2,A,63
79,SP1,2019-10-06,4,0,H,70
80,SP1,2019-10-18,1,0,H,66
81,SP1,2019-10-19,0,3,A,66
82,SP1,2019-10-19,1,1,D,56
83,SP1,2019-10-19,2,0,H,57
84,SP1,2019-10-19,1,0,H,72
85,SP1,2019-10-20,2,0,H,50
86,SP1,2019-10-20,3,1,H,56
87,SP1,2019-10-20,0,1,A,70
88,SP1,2019-10-20,1,1,D,55
89,SP1,2019-10-20,1,0,H,63
90,SP1,2019-10-25,4,1,H,68
91,SP1,2019-10-26,1,0,H,69
92,SP1,2019-10-26,2,0,H,63
93,SP1,2019-10-26,2,0,H,69
94,SP1,2019-10-27,0,1,A,64
95,SP1,2019-10-27,1,0,H,64
96,SP1,2019-10-27,0,1,A,66
97,SP1,2019-10-27,2,0,H,71
98,SP1,2019-10-27,3,1,H,59
99,SP1,2019-10-29,1,1,D,63
100,SP1,2019-10-29,5,1,H,69
101,SP1,2019-10-30,1,2,A,67
102,SP1,2019-10-30,1,1,D,71
103,SP1,2019-10-30,3,0,H,67
104,SP1,2019-10-30,2,1,H,72
105,SP1,2019-10-30,5,0,H,64
106,SP1,2019-10-31,2,1,H,62
107,SP1,2019-10-31,2,2,D,70
108,SP1,2019-10-31,3,1,H,64
109,SP1,2019-11-02,1,2,A,69
110,SP1,2019-11-02,3,1,H,72
111,SP1,2019-11-02,1,1,D,72
112,SP1,2019-11-02,0,0,D,61
113,SP1,2019-11-03,3,0,H,52
114,SP1,2019-11-03,0,0,D,71
115,SP1,2019-11-03,4,2,H,50
116,SP1,2019-11-03,0,1,A,57
117,SP1,2019-11-03,1,2,A,58
118,SP1,2019-11-03,1,2,A,57
119,SP1,2019-11-08,1,1,D,49
120,SP1,2019-11-09,3,0,H,45
121,SP1,2019-11-09,2,0,H,58
122,SP1,2019-11-09,0,4,A,51
123,SP1,2019-11-09,4,1,H,55
124,SP1,2019-11-10,3,1,H,53
125,SP1,2019-11-10,2,1,H,50
126,SP1,2019-11-10,3,1,H,47
127,SP1,2019-11-10,0,0,D,47
128,SP1,2019-11-10,1,2,A,59
129,SP1,2019-11-22,2,1,H,56
130,SP1,2019-11-23,1,2,A,48
131,SP1,2019-11-23,2,1,H,58
132,SP1,2019-11-23,1,1,D,46
133,SP1,2019-11-23,3,1,H,48
134,SP1,2019-11-24,1,1,D,57
135,SP1,2019-11-24,1,2,A,46
136,SP1,2019-11-24,0,2,A,53
137,SP1,2019-11-24,1,3,A,58
138,SP1,2019-11-24,0,1,A,42
139,SP1,2019-11-29,0,0,D,57
140,SP1,2019-11-30,1,2,A,50
141,SP1,2019-11-30,4,1,H,54
142,SP1,2019-11-30,1,2,A,61
143,SP1,2019-11-30,2,1,H,64
144,SP1,2019-12-01,1,0,H,56
145,SP1,2019-12-01,2,0,H,53
146,SP1,2019-12-01,2,4,A,58
147,SP1,2019-12-01,4,0,H,45
148,SP1,2019-12-01,0,1,A,46
149,SP1,2019-12-06,0,0,D,56
150,SP1,2019-12-07,2,0,H,53
151,SP1,2019-12-07,3,0,H,50
152,SP1,2019-12-07,2,4,A,57
153,SP1,2019-12-07,5,2,H,57
154,SP1,2019-12-08,0,1,A,52
155,SP1,2019-12-08,3,2,H,57
156,SP1,2019-12-08,0,0,D,44
157,SP1,2019-12-08,3,2,H,50
158,SP1,2019-12-08,1,1,D,45
159,SP1,2019-12-13,1,1,D,52
160,SP1,2019-12-14,1,2,A,49
161,SP1,2019-12-14,2,2,D,56
162,SP1,2019-12-14,0,0,D,56
163,SP1,2019-12-14,2,0,H,49
164,SP1,2019-12-15,2,0,H,49
165,SP1,2019-12-15,2,2,D,53
166,SP1,2019-12-15,2,2,D,57
167,SP1,2019-12-15,1,2,A,56
168,SP1,2019-12-15,1,1,D,57
169,SP1,2019-12-18,0,0,D,60
170,SP1,2019-12-20,3,0,H,53
171,SP1,2019-12-21,0,2,A,63
172,SP1,2019-12-21,4,1,H,59
173,SP1,2019-12-21,1,0,H,65
174,SP1,2019-12-21,1,1,D,53
175,SP1,2019-12-22,2,0,H,52
176,SP1,2019-12-22,3,4,A,48
177,SP1,2019-12-22,1,2,A,58
178,SP1,2019-12-22,3,1,H,63
179,SP1,2019-12-22,0,0,D,52
180,SP1,2020-01-03,2,2,D,41
181,SP1,2020-01-03,1,1,D,54
182,SP1,2020-01-04,1,0,H,54
183,SP1,2020-01-04,0,3,A,46
184,SP1,2020-01-04,2,1,H,49
185,SP1,2020-01-04,2,2,D,56
186,SP1,2020-01-05,1,0,H,50
187,SP1,2020-01-05,1,2,A,45
188,SP1,2020-01-05,1,1,D,43
189,SP1,2020-01-05,1,1,D,48
190,SP1,2020-01-17,0,3,A,48
191,SP1,2020-01-18,0,1,A,56
192,SP1,2020-01-18,2,1,H,46
193,SP1,2020-01-18,0,0,D,43
194,SP1,2020-01-18,2,0,H,48
195,SP1,2020-01-19,4,1,H,52
196,SP1,2020-01-19,3,0,H,53
197,SP1,2020-01-19,1,2,A,49
198,SP1,2020-01-19,1,1,D,47
199,SP1,2020-01-19,1,0,H,51
200,SP1,2020-01-24,2,0,H,44
201,SP1,2020-01-25,1,1,D,54
202,SP1,2020-01-25,2,0,H,54
203,SP1,2020-01-25,1,2,A,42
204,SP1,2020-01-25,2,0,H,53
205,SP1,2020-01-26,0,0,D,47
206,SP1,2020-01-26,0,0,D,49
207,SP1,2020-01-26,1,0,H,46
208,SP1,2020-01-26,3,0,H,52
209,SP1,2020-01-26,0,1,A,40
210,SP1,2020-02-01,2,1,H,54
211,SP1,2020-02-01,1,0,H,56
212,SP1,2020-02-01,0,1,A,60
213,SP1,2020-02-01,1,0,H,66
214,SP1,2020-02-02,2,1,H,54
215,SP1,2020-02-02,1,1,D,61
216,SP1,2020-02-02,0,2,A,61
217,SP1,2020-02-02,1,1,D,61
218,SP1,2020-02-02,3,1,H,64
219,SP1,2020-02-02,2,1,H,61
220,SP1,2020-02-07,2,1,H,46
221,SP1,2020-02-08,2,0,H,55
222,SP1,2020-02-08,3,0,H,49
223,SP1,2020-02-08,1,1,D,46
224,SP1,2020-02-08,1,0,H,50
225,SP1,2020-02-09,1,0,H,56
226,SP1,2020-02-09,2,1,H,55
227,SP1,2020-02-09,1,4,A,48
228,SP1,2020-02-09,2,1,H,51
229,SP1,2020-02-09,2,3,A,59
230,SP1,2020-02-14,2,2,D,62
231,SP1,2020-02-15,1,0,H,60
232,SP1,2020-02-15,2,1,H,59
233,SP1,2020-02-15,2,1,H,61
234,SP1,2020-02-15,2,1,H,56
235,SP1,2020-02-16,2,2,D,63
236,SP1,2020-02-16,0,0,D,57
237,SP1,2020-02-16,0,1,A,63
238,SP1,2020-02-16,2,2,D,57
239,SP1,2020-02-21,3,3,D,61
240,SP1,2020-02-22,1,0,H,56
241,SP1,2020-02-22,5,0,H,58
242,SP1,2020-02-22,3,0,H,56
243,SP1,2020-02-22,1,0,H,60
244,SP1,2020-02-23,0,3,A,55
245,SP1,2020-02-23,2,1,H,58
246,SP1,2020-02-23,2,1,H,57
247,SP1,2020-02-23,0,3,A,62
248,SP1,2020-02-23,3,1,H,64
249,SP1,2020-02-28,1,0,H,57
250,SP1,2020-02-29,3,0,H,53
251,SP1,2020-02-29,2,1,H,64
252,SP1,2020-02-29,1,1,D,49
253,SP1,2020-02-29,0,0,D,55
254,SP1,2020-03-01,3,2,H,58
255,SP1,2020-03-01,1,0,H,58
256,SP1,2020-03-01,1,1,D,60
257,SP1,2020-03-01,0,1,A,61
258,SP1,2020-03-01,2,0,H,50
259,SP1,2020-03-06,1,1,D,38
260,SP1,2020-03-07,1,2,A,50
261,SP1,2020-03-07,2,2,D,51
262,SP1,2020-03-07,1,0,H,55
263,SP1,2020-03-07,0,0,D,50
264,SP1,2020-03-08,1,0,H,49
265,SP1,2020-03-08,1,4,A,47
266,SP1,2020-03-08,1,1,D,59
267,SP1,2020-03-08,1,2,A,60
268,SP1,2020-03-08,2,1,H,60
269,SP1,2020-03-10,1,2,A,55
270,SP1,2020-06-11,2,0,H,72
271,SP1,2020-06-12,2,1,H,61
272,SP1,2020-06-12,1,1,D,75
273,SP1,2020-06-13,2,0,H,73
274,SP1,2020-06-13,0,1,A,59
275,SP1,2020-06-13,1,2,A,64
276,SP1,2020-06-13,0,4,A,74
277,SP1,2020-06-14,1,1,D,67
278,SP1,2020-06-14,3,1,H,69
279,SP1,2020-06-14,1,1,D,64
280,SP1,2020-06-15,1,1,D,80
281,SP1,2020-06-15,2,2,D,77
282,SP1,2020-06-16,0,0,D,70
283,SP1,2020-06-16,1,0,H,73
284,SP1,2020-06-16,2,0,H,70
285,SP1,2020-06-17,2,2,D,62
286,SP1,2020-06-17,0,0,D,60
287,SP1,2020-06-17,0,5,A,61
288,SP1,2020-06-18,2,0,H,60
289,SP1,2020-06-18,3,0,H,73
290,SP1,2020-06-19,0,1,A,74
291,SP1,2020-06-19,1,1,D,75
292,SP1,2020-06-19,0,0,D,79
293,SP1,2020-06-20,1,3,A,74
294,SP1,2020-06-20,1,0,H,70
295,SP1,2020-06-20,1,1,D,81
296,SP1,2020-06-20,1,0,H,83
297,SP1,2020-06-21,6,0,H,65
298,SP1,2020-06-21,2,0,H,80
299,SP1,2020-06-21,1,2,A,69
300,SP1,2020-06-22,2,2,D,79
301,SP1,2020-06-22,0,0,D,85
302,SP1,2020-06-23,0,1,A,80
303,SP1,2020-06-23,1,1,D,82
304,SP1,2020-06-23,1,0,H,78
305,SP1,2020-06-24,0,1,A,78
306,SP1,2020-06-24,0,1,A,81
307,SP1,2020-06-24,2,0,H,85
308,SP1,2020-06-25,1,0,H,72
309,SP1,2020-06-25,1,0,H,82
310,SP1,2020-06-26,1,1,D,80
311,SP1,2020-06-27,3,1,H,75
312,SP1,2020-06-27,2,2,D,64
313,SP1,2020-06-27,2,1,H,75
314,SP1,2020-06-27,2,1,H,80
315,SP1,2020-06-28,4,2,H,81
316,SP1,2020-06-28,2,0,H,80
317,SP1,2020-06-28,1,2,A,82
318,SP1,2020-06-28,0,1,A,79
319,SP1,2020-06-29,2,1,H,86
320,SP1,2020-06-30,5,1,H,85
321,SP1,2020-06-30,0,3,A,89
322,SP1,2020-06-30,2,2,D,79
323,SP1,2020-07-01,0,2,A,66
324,SP1,2020-07-01,0,2,A,87
325,SP1,2020-07-01,0,2,A,86
326,SP1,2020-07-01,0,0,D,77
327,SP1,2020-07-02,0,2,A,63
328,SP1,2020-07-02,2,1,H,63
329,SP1,2020-07-02,1,0,H,84
330,SP1,2020-07-03,3,0,H,79
331,SP1,2020-07-04,1,1,D,68
332,SP1,2020-07-04,1,0,H,71
333,SP1,2020-07-04,2,2,D,83
334,SP1,2020-07-05,0,1,A,74
335,SP1,2020-07-05,0,1,A,81
336,SP1,2020-07-05,0,0,D,73
337,SP1,2020-07-05,1,4,A,81
338,SP1,2020-07-06,1,1,D,86
339,SP1,2020-07-06,1,0,H,95
340,SP1,2020-07-07,2,1,H,83
341,SP1,2020-07-07,1,1,D,74
342,SP1,2020-07-08,3,0,H,91
343,SP1,2020-07-08,1,3,A,88
344,SP1,2020-07-08,1,0,H,81
345,SP1,2020-07-09,0,0,D,71
346,SP1,2020-07-09,2,0,H,84
347,SP1,2020-07-09,1,2,A,73
348,SP1,2020-07-10,2,3,A,66
349,SP1,2020-07-10,2,0,H,83
350,SP1,2020-07-11,2,1,H,68
351,SP1,2020-07-11,0,1,A,73
352,SP1,2020-07-11,1,0,H,86
353,SP1,2020-07-12,0,2,A,81
354,SP1,2020-07-12,1,2,A,81
355,SP1,2020-07-12,1,0,H,84
356,SP1,2020-07-12,2,0,H,93
357,SP1,2020-07-13,0,0,D,68
358,SP1,2020-07-13,1,2,A,80
359,SP1,2020-07-13,1,2,A,82
0,I1,2019-08-24,0,1,A,79
1,I1,2019-08-24,3,4,A,85
2,I1,2019-08-25,1,0,H,82
3,I1,2019-08-25,0,1,A,81
4,I1,2019-08-25,3,3,D,84
5,I1,2019-08-25,0,3,A,81
6,I1,2019-08-25,2,3,A,81
7,I1,2019-08-25,2,1,H,83
8,I1,2019-08-25,1,1,D,81
9,I1,2019-08-26,4,0,H,85
10,I1,2019-08-30,1,0,H,85
11,I1,2019-08-31,1,0,H,84
12,I1,2019-08-31,4,3,H,81
13,I1,2019-09-01,1,1,D,83
14,I1,2019-09-01,2,3,A,81
15,I1,2019-09-01,1,2,A,77
16,I1,2019-09-01,2,1,H,81
17,I1,2019-09-01,0,1,A,85
18,I1,2019-09-01,4,1,H,82
19,I1,2019-09-01,1,3,A,82
20,I1,2019-09-14,0,0,D,81
21,I1,2019-09-14,2,0,H,84
22,I1,2019-09-14,1,0,H,80
23,I1,2019-09-15,1,2,A,80
24,I1,2019-09-15,3,4,A,78
25,I1,2019-09-15,1,3,A,77
26,I1,2019-09-15,2,1,H,79
27,I1,2019-09-15,4,2,H,80
28,I1,2019-09-15,0,1,A,77
29,I1,2019-09-16,1,2,A,81
30,I1,2019-09-20,3,1,H,79
31,I1,2019-09-21,0,1,A,65
32,I1,2019-09-21,2,1,H,66
33,I1,2019-09-21,0,2,A,70
34,I1,2019-09-22,3,0,H,57
35,I1,2019-09-22,1,2,A,58
36,I1,2019-09-22,1,4,A,75
37,I1,2019-09-22,1,0,H,59
38,I1,2019-09-22,2,2,D,60
39,I1,2019-09-22,2,0,H,72
40,I1,2019-09-24,0,0,D,69
41,I1,2019-09-24,1,2,A,69
42,I1,2019-09-25,0,2,A,74
43,I1,2019-09-25,2,1,H,71
44,I1,2019-09-25,0,0,D,70
45,I1,2019-09-25,1,0,H,69
46,I1,2019-09-25,0,1,A,75
47,I1,2019-09-25,1,0,H,67
48,I1,2019-09-25,1,3,A,67
49,I1,2019-09-26,2,1,H,70
50,I1,2019-09-28,2,0,H,74
51,I1,2019-09-28,1,3,A,70
52,I1,2019-09-28,1,4,A,73
53,I1,2019-09-29,2,1,H,76
54,I1,2019-09-29,4,0,H,76
55,I1,2019-09-29,0,1,A,79
56,I1,2019-09-29,1,0,H,70
57,I1,2019-09-29,1,1,D,78
58,I1,2019-09-29,1,3,A,73
59,I1,2019-09-30,3,2,H,74
60,I1,2019-10-05,1,0,H,65
61,I1,2019-10-05,2,0,H,62
62,I1,2019-10-05,1,2,A,66
63,I1,2019-10-06,1,0,H,70
64,I1,2019-10-06,3,1,H,61
65,I1,2019-10-06,2,2,D,64
66,I1,2019-10-06,1,1,D,71
67,I1,2019-10-06,0,0,D,63
68,I1,2019-10-06,1,2,A,65
69,I1,2019-10-19,3,3,D,68
70,I1,2019-10-19,2,0,H,71
71,I1,2019-10-19,2,1,H,59
72,I1,2019-10-20,3,4,A,68
73,I1,2019-10-20,2,0,H,75
74,I1,2019-10-20,0,0,D,64
75,I1,2019-10-20,1,0,H,66
76,I1,2019-10-20,5,1,H,68
77,I1,2019-10-20,2,2,D,65
78,I1,2019-10-21,0,0,D,68
79,I1,2019-10-25,0,1,A,66
80,I1,2019-10-26,1,1,D,72
81,I1,2019-10-26,2,2,D,69
82,I1,2019-10-26,3,1,H,66
83,I1,2019-10-27,2,1,H,70
84,I1,2019-10-27,7,1,H,67
85,I1,2019-10-27,1,1,D,70
86,I1,2019-10-27,1,1,D,68
87,I1,2019-10-27,2,1,H,74
88,I1,2019-10-27,1,2,A,74
89,I1,2019-10-29,0,1,A,61
90,I1,2019-10-29,1,2,A,59
91,I1,2019-10-30,2,2,D,69
92,I1,2019-10-30,3,2,H,69
93,I1,2019-10-30,2,1,H,59
94,I1,2019-10-30,4,0,H,67
95,I1,2019-10-30,1,1,D,63
96,I1,2019-10-30,1,2,A,56
97,I1,2019-10-30,0,4,A,51
98,I1,2019-10-31,1,0,H,53
99,I1,2019-11-02,2,1,H,65
100,I1,2019-11-02,1,2,A,54
101,I1,2019-11-02,0,1,A,54
102,I1,2019-11-03,0,2,A,53
103,I1,2019-11-03,1,3,A,59
104,I1,2019-11-03,2,2,D,71
105,I1,2019-11-03,2,1,H,55
106,I1,2019-11-03,1,1,D,63
107,I1,2019-11-03,1,2,A,53
108,I1,2019-11-04,0,1,A,60
109,I1,2019-11-08,3,1,H,53
110,I1,2019-11-09,0,4,A,51
111,I1,2019-11-09,2,1,H,54
112,I1,2019-11-09,0,0,D,60
113,I1,2019-11-10,5,2,H,56
114,I1,2019-11-10,4,2,H,58
115,I1,2019-11-10,0,0,D,49
116,I1,2019-11-10,0,0,D,51
117,I1,2019-11-10,2,0,H,50
118,I1,2019-11-10,1,0,H,48
119,I1,2019-11-23,1,3,A,50
120,I1,2019-11-23,1,1,D,53
121,I1,2019-11-23,0,3,A,48
122,I1,2019-11-24,2,2,D,57
123,I1,2019-11-24,3,0,H,57
124,I1,2019-11-24,1,2,A,54
125,I1,2019-11-24,1,0,H,55
126,I1,2019-11-24,2,1,H,55
127,I1,2019-11-25,2,2,D,60
128,I1,2019-11-25,1,1,D,58
129,I1,2019-11-30,0,3,A,51
130,I1,2019-11-30,0,1,A,54
131,I1,2019-11-30,0,1,A,55
132,I1,2019-12-01,2,2,D,42
133,I1,2019-12-01,2,1,H,46
134,I1,2019-12-01,3,0,H,57
135,I1,2019-12-01,0,1,A,46
136,I1,2019-12-01,1,2,A,61
137,I1,2019-12-01,1,3,A,48
138,I1,2019-12-02,4,3,H,63
139,I1,2019-12-06,0,0,D,42
140,I1,2019-12-07,3,2,H,46
141,I1,2019-12-07,1,1,D,44
142,I1,2019-12-07,3,1,H,57
143,I1,2019-12-08,2,2,D,60
144,I1,2019-12-08,2,2,D,47
145,I1,2019-12-08,0,1,A,47
146,I1,2019-12-08,2,1,H,45
147,I1,2019-12-08,0,1,A,52
148,I1,2019-12-08,2,3,A,48
149,I1,2019-12-14,3,0,H,42
150,I1,2019-12-14,1,2,A,56
151,I1,2019-12-14,0,1,A,49
152,I1,2019-12-15,3,3,D,42
153,I1,2019-12-15,2,1,H,43
154,I1,2019-12-15,3,1,H,42
155,I1,2019-12-15,0,0,D,41
156,I1,2019-12-15,3,1,H,56
157,I1,2019-12-15,1,1,D,51
158,I1,2019-12-16,1,2,A,60
159,I1,2019-12-18,1,2,A,52
160,I1,2019-12-18,0,2,A,52
161,I1,2019-12-20,1,4,A,53
162,I1,2019-12-21,2,1,H,51
163,I1,2019-12-21,4,0,H,51
164,I1,2019-12-21,1,2,A,50
165,I1,2019-12-22,5,0,H,48
166,I1,2019-12-22,2,3,A,62
167,I1,2019-12-22,1,1,D,49
168,I1,2019-12-22,1,2,A,49
169,I1,2020-01-05,1,2,A,47
170,I1,2020-01-05,0,2,A,47
171,I1,2020-01-05,2,1,H,46
172,I1,2020-01-05,0,2,A,53
173,I1,2020-01-06,1,1,D,45
174,I1,2020-01-06,5,0,H,43
175,I1,2020-01-06,4,0,H,46
176,I1,2020-01-06,0,0,D,46
177,I1,2020-01-06,0,1,A,47
178,I1,2020-01-06,1,3,A,47
179,I1,2020-01-11,0,2,A,54
180,I1,2020-01-11,1,0,H,53
181,I1,2020-01-11,1,1,D,48
182,I1,2020-01-12,3,0,H,44
183,I1,2020-01-12,1,0,H,51
184,I1,2020-01-12,5,1,H,49
185,I1,2020-01-12,1,0,H,45
186,I1,2020-01-12,2,1,H,45
187,I1,2020-01-12,1,2,A,51
188,I1,2020-01-13,2,0,H,42
189,I1,2020-01-18,5,1,H,53
190,I1,2020-01-18,2,1,H,42
191,I1,2020-01-18,0,2,A,54
192,I1,2020-01-19,3,2,H,43
193,I1,2020-01-19,1,1,D,44
194,I1,2020-01-19,2,2,D,44
195,I1,2020-01-19,1,1,D,54
196,I1,2020-01-19,1,3,A,43
197,I1,2020-01-19,2,1,H,40
198,I1,2020-01-20,1,2,A,41
199,I1,2020-01-24,0,1,A,43
200,I1,2020-01-25,1,3,A,44
201,I1,2020-01-25,0,0,D,51
202,I1,2020-01-25,0,7,A,42
203,I1,2020-01-26,1,1,D,46
204,I1,2020-01-26,2,0,H,46
205,I1,2020-01-26,0,0,D,47
206,I1,2020-01-26,3,0,H,45
207,I1,2020-01-26,1,1,D,52
208,I1,2020-01-26,2,1,H,56
209,I1,2020-02-01,2,1,H,50
210,I1,2020-02-01,2,2,D,58
211,I1,2020-02-01,4,2,H,49
212,I1,2020-02-02,3,0,H,52
213,I1,2020-02-02,2,2,D,50
214,I1,2020-02-02,5,1,H,57
215,I1,2020-02-02,1,1,D,51
216,I1,2020-02-02,4,0,H,58
217,I1,2020-02-02,0,2,A,46
218,I1,2020-02-03,2,4,A,57
219,I1,2020-02-05,0,0,D,49
220,I1,2020-02-07,2,3,A,51
221,I1,2020-02-08,1,2,A,50
222,I1,2020-02-08,1,3,A,44
223,I1,2020-02-08,2,1,H,46
224,I1,2020-02-09,1,2,A,48
225,I1,2020-02-09,1,1,D,46
226,I1,2020-02-09,1,0,H,48
227,I1,2020-02-09,2,3,A,53
228,I1,2020-02-09,0,1,A,47
229,I1,2020-02-09,4,2,H,46
230,I1,2020-02-15,2,1,H,57
231,I1,2020-02-15,0,3,A,52
232,I1,2020-02-15,2,1,H,51
233,I1,2020-02-16,0,0,D,50
234,I1,2020-02-16,2,0,H,51
235,I1,2020-02-16,1,5,A,51
236,I1,2020-02-16,0,1,A,51
237,I1,2020-02-16,0,1,A,55
238,I1,2020-02-16,2,1,H,58
239,I1,2020-02-17,1,0,H,50
240,I1,2020-02-21,1,2,A,51
241,I1,2020-02-22,1,1,D,53
242,I1,2020-02-22,1,2,A,54
243,I1,2020-02-22,1,1,D,57
244,I1,2020-02-23,2,3,A,51
245,I1,2020-02-23,4,0,H,57
246,I1,2020-02-29,2,0,H,53
247,I1,2020-02-29,2,1,H,55
248,I1,2020-03-01,2,7,A,59
249,I1,2020-03-01,3,4,A,60
250,I1,2020-03-08,0,1,A,50
251,I1,2020-03-08,1,2,A,52
252,I1,2020-03-08,2,1,H,51
253,I1,2020-03-08,0,0,D,49
254,I1,2020-03-08,2,0,H,49
255,I1,2020-03-09,3,0,H,49
256,I1,2020-06-20,1,1,D,74
257,I1,2020-06-20,2,1,H,72
258,I1,2020-06-21,4,1,H,76
259,I1,2020-06-21,2,1,H,81
260,I1,2020-06-22,1,1,D,84
261,I1,2020-06-22,1,4,A,76
262,I1,2020-06-22,0,2,A,79
263,I1,2020-06-23,0,1,A,82
264,I1,2020-06-23,0,2,A,81
265,I1,2020-06-23,1,4,A,80
266,I1,2020-06-23,1,0,H,83
267,I1,2020-06-24,3,3,D,80
268,I1,2020-06-24,3,2,H,77
269,I1,2020-06-24,2,1,H,84
270,I1,2020-06-26,4,0,H,76
271,I1,2020-06-27,2,2,D,82
272,I1,2020-06-27,4,2,H,80
273,I1,2020-06-27,2,1,H,86
274,I1,2020-06-28,2,0,H,84
275,I1,2020-06-28,3,1,H,86
276,I1,2020-06-28,1,2,A,78
277,I1,2020-06-28,3,3,D,82
278,I1,2020-06-28,2,3,A,80
279,I1,2020-06-28,1,2,A,84
280,I1,2020-06-30,1,2,A,79
281,I1,2020-06-30,1,3,A,76
282,I1,2020-07-01,1,1,D,85
283,I1,2020-07-01,6,0,H,82
284,I1,2020-07-01,1,3,A,84
285,I1,2020-07-01,1,2,A,88
286,I1,2020-07-01,2,2,D,84
287,I1,2020-07-01,3,2,H,80
288,I1,2020-07-02,2,0,H,79
289,I1,2020-07-02,0,2,A,87
290,I1,2020-07-04,4,1,H,78
291,I1,2020-07-04,4,2,H,75
292,I1,2020-07-04,0,3,A,82
293,I1,2020-07-05,1,2,A,84
294,I1,2020-07-05,2,0,H,81
295,I1,2020-07-05,0,1,A,82
296,I1,2020-07-05,1,2,A,83
297,I1,2020-07-05,3,0,H,81
298,I1,2020-07-05,2,2,D,78
299,I1,2020-07-05,2,1,H,84
300,I1,2020-07-07,2,1,H,83
301,I1,2020-07-07,4,2,H,69
302,I1,2020-07-08,0,0,D,85
303,I1,2020-07-08,1,2,A,77
304,I1,2020-07-08,2,0,H,75
305,I1,2020-07-08,1,2,A,77
306,I1,2020-07-08,2,1,H,84
307,I1,2020-07-08,3,1,H,77
308,I1,2020-07-09,0,3,A,82
309,I1,2020-07-09,2,2,D,79
310,I1,2020-07-11,1,2,A,86
311,I1,2020-07-11,0,3,A,81
312,I1,2020-07-11,2,2,D,80
313,I1,2020-07-12,2,0,H,74
314,I1,2020-07-12,0,0,D,87
315,I1,2020-07-12,1,1,D,80
316,I1,2020-07-12,2,2,D,75
317,I1,2020-07-12,1,3,A,72
318,I1,2020-07-12,2,2,D,86
319,I1,2020-07-13,3,1,H,74
